teste de digitação	br	pt
velocidade de digitação	br	pt
teste de cps	br	pt
teste de reflexo	br	pt
treino de mira	br	pt
mira valorant	br	pt
treino de mira valorant	br	pt
teste de tempo de reação	br	pt
teste de teclado	br	pt
jogo da memória	br	pt
teste de memória	br	pt
cálculo mental	br	pt
leitura dinâmica	br	pt
teste de concentração	br	pt
jogos para treinar o cérebro	br	pt
teste de stroop	br	pt
tempo de reação	br	pt
cliques por segundo	br	pt
teste de reflexo online	br	pt
treino de mira cs2	br	pt
teste de memória visual	br	pt
tabela de schulte	br	pt
palavras por minuto	br	pt
teste de velocidade de leitura	br	pt
treino cerebral	br	pt
