cps test	us	en
click speed test	us	en
5 second cps test	us	en
jitter click test	us	en
butterfly click test	us	en
spacebar counter	us	en
mouse double click test	us	en
mouse polling rate test	us	en
keyboard tester	us	en
typing test	us	en
typing speed test	us	en
typing test for kids	us	en
reaction time test	us	en
reaction time test valorant	us	en
aim trainer	us	en
aim trainer valorant	us	en
cps test no download	us	en
cps test on mobile	us	en
stroop test	us	en
schulte table	us	en
dual n back	us	en
visual memory test	us	en
number memory test	us	en
sequence memory test	us	en
chimp test	us	en
mental math test	us	en
speed reading test	us	en
peripheral vision test	us	en
refresh rate test	us	en
dead pixel test	us	en
stopwatch game	us	en
average reaction time	us	en
good cps score	us	en
hand eye coordination test	us	en
mouse accuracy test	us	en
attention span test	us	en
mouse dpi test	us	en
10 second cps test	us	en
cps test for kids	us	en
brain age test	us	en
