連打測定	jp	ja-JP
連打ツール	jp	ja-JP
連打ゲーム	jp	ja-JP
クリック速度測定	jp	ja-JP
クリック速度テスト	jp	ja-JP
CPSテスト	jp	ja-JP
連打測定 スペースキー	jp	ja-JP
マウス連打 測定	jp	ja-JP
エイム練習	jp	ja-JP
エイム練習 ブラウザ	jp	ja-JP
エイム練習 サイト	jp	ja-JP
エイム練習 ゲーム	jp	ja-JP
エイム練習 無料	jp	ja-JP
エイムトレーニング	jp	ja-JP
valorant エイム練習	jp	ja-JP
apex エイム練習	jp	ja-JP
フォートナイト エイム練習	jp	ja-JP
反射神経テスト	jp	ja-JP
反射神経ゲーム	jp	ja-JP
反応速度テスト	jp	ja-JP
反射神経 測定	jp	ja-JP
反射神経テスト fps	jp	ja-JP
反射神経 鍛える	jp	ja-JP
動体視力	jp	ja-JP
動体視力テスト	jp	ja-JP
動体視力 トレーニング	jp	ja-JP
動体視力 ゲーム	jp	ja-JP
動体視力 テスト fps	jp	ja-JP
脳トレ	jp	ja-JP
脳トレ ゲーム	jp	ja-JP
脳トレ 無料	jp	ja-JP
脳年齢 テスト	jp	ja-JP
記憶力テスト	jp	ja-JP
記憶力 ゲーム	jp	ja-JP
瞬間記憶 テスト	jp	ja-JP
神経衰弱 ゲーム	jp	ja-JP
ストループテスト	jp	ja-JP
ストループテスト 無料	jp	ja-JP
暗算 トレーニング	jp	ja-JP
計算 ゲーム	jp	ja-JP
速読 トレーニング	jp	ja-JP
速読 テスト	jp	ja-JP
キーボードテスト	jp	ja-JP
キーボードテスト 日本語配列	jp	ja-JP
キーボード チャタリング テスト	jp	ja-JP
マウステスト	jp	ja-JP
マウス チャタリング テスト	jp	ja-JP
タイピングテスト	jp	ja-JP
タイピング 速度 測定	jp	ja-JP
寿司打	jp	ja-JP
e-typing	jp	ja-JP
タイピング ゲーム	jp	ja-JP
集中力 テスト	jp	ja-JP
シュルテテーブル	jp	ja-JP
イライラ棒 ゲーム	jp	ja-JP
ワーキングメモリ テスト	jp	ja-JP
nバック課題	jp	ja-JP
周辺視野 トレーニング	jp	ja-JP
マウス 精度 テスト	jp	ja-JP
サイモンゲーム	jp	ja-JP
数字 記憶 テスト	jp	ja-JP
避けゲー	jp	ja-JP
定規 キャッチ 反射神経	jp	ja-JP
キーボード 反応速度	jp	ja-JP
視野 テスト	jp	ja-JP
ブラウザ ゲーム 登録不要	jp	ja-JP
無料 測定 テスト ブラウザ	jp	ja-JP
