tes kecepatan klik	id	id
cps test	id	id
tes kecepatan mengetik	id	id
tes keyboard	id	id
tes waktu reaksi	id	id
tes refleks	id	id
tıklama hızı testi	tr	tr
cps testi	tr	tr
yazma hızı testi	tr	tr
klavye testi	tr	tr
refleks testi	tr	tr
tepki süresi testi	tr	tr
nişan alma antrenmanı	tr	tr
on parmak klavye	tr	tr
test klikania	pl	pl
test szybkości pisania	pl	pl
test klawiatury	pl	pl
test refleksu	pl	pl
test czasu reakcji	pl	pl
trening celowania	pl	pl
cps test	pl	pl
szybkość klikania	pl	pl
test velocità click	it	it
test velocità di scrittura	it	it
test tastiera	it	it
test riflessi	it	it
test tempo di reazione	it	it
allenamento mira	it	it
cps test	it	it
тест скорости клика	ru	ru
тест скорости печати	ru	ru
тест клавиатуры	ru	ru
тест реакции	ru	ru
тренировка аима	ru	ru
cps тест	ru	ru
клавиатурный тренажер	ru	ru
проверка клавиатуры онлайн	ru	ru
kiểm tra tốc độ click	vn	vi
test tốc độ gõ phím	vn	vi
kiểm tra bàn phím	vn	vi
kiểm tra phản xạ	vn	vi
luyện aim	vn	vi
cps test	vn	vi
kiểm tra tốc độ đánh máy	vn	vi
test tốc độ phản xạ	vn	vi
ทดสอบความเร็วคลิก	th	th
ทดสอบการพิมพ์	th	th
ทดสอบคีย์บอร์ด	th	th
ทดสอบปฏิกิริยา	th	th
ฝึกเล็ง	th	th
เกมฝึกความจำ	th	th
cps test	th	th
ทดสอบความเร็วพิมพ์ดีด	th	th
cps test	ph	en
typing test	ph	en
keyboard test	ph	en
reaction time test	ph	en
aim trainer	ph	en
cps test	in	en
typing test	in	en
keyboard test	in	en
reaction time test	in	en
aim trainer	in	en
memory game	in	en
टाइपिंग टेस्ट	in	hi
हिंदी टाइपिंग टेस्ट	in	hi
कीबोर्ड टेस्ट	in	hi
रिएक्शन टाइम टेस्ट	in	hi
माउस क्लिक स्पीड टेस्ट	in	hi
टाइपिंग स्पीड टेस्ट	in	hi
cps test	in	hi
