tes kecepatan mengetik	id	id
tes keyboard	id	id
cps test	id	id
yazma hızı testi	tr	tr
klavye testi	tr	tr
tıklama hızı testi	tr	tr
test szybkości pisania	pl	pl
test klawiatury	pl	pl
test klikania	pl	pl
test velocità di scrittura	it	it
test tastiera	it	it
test riflessi	it	it
тест скорости печати	ru	ru
тест клавиатуры	ru	ru
тест реакции	ru	ru
test tốc độ gõ phím	vn	vi
kiểm tra bàn phím	vn	vi
kiểm tra phản xạ	vn	vi
ทดสอบการพิมพ์	th	th
ทดสอบคีย์บอร์ด	th	th
ทดสอบความเร็วคลิก	th	th
typing test	ph	en
cps test	ph	en
keyboard test	ph	en
typing test	in	en
cps test	in	en
टाइपिंग टेस्ट	in	hi
हिंदी टाइपिंग टेस्ट	in	hi
