test de frappe	fr	fr
test de frappe clavier	fr	fr
test de frappe en ligne	fr	fr
test de frappe rapide	fr	fr
test de frappe gratuit	fr	fr
test de vitesse de frappe	fr	fr
test vitesse de frappe	fr	fr
test de vitesse clavier	fr	fr
vitesse de frappe	fr	fr
mots par minute	fr	fr
taper au clavier	fr	fr
taper au clavier rapidement	fr	fr
apprendre à taper au clavier	fr	fr
dactylographie	fr	fr
dactylographie test	fr	fr
test dactylo	fr	fr
test clavier	fr	fr
test clavier en ligne	fr	fr
test clavier azerty	fr	fr
test clavier gamer	fr	fr
test touches clavier	fr	fr
test cps	fr	fr
test clic par seconde	fr	fr
click speed test	fr	fr
cps test	fr	fr
test de clics	fr	fr
test clic souris	fr	fr
test de réflexes	fr	fr
test de réflexe	fr	fr
test temps de réaction	fr	fr
temps de réaction test	fr	fr
reaction time test	fr	fr
test de réaction	fr	fr
test de vitesse de réaction	fr	fr
test de réflexes en ligne	fr	fr
aim trainer	fr	fr
aim trainer valorant	fr	fr
aim trainer en ligne	fr	fr
aim trainer gratuit	fr	fr
entraînement visée valorant	fr	fr
aim lab	fr	fr
jeux de mémoire	fr	fr
test de mémoire	fr	fr
test de mémoire en ligne	fr	fr
test de mémoire gratuit	fr	fr
jeu de mémoire en ligne	fr	fr
entraînement cérébral	fr	fr
entraînement cérébral gratuit	fr	fr
jeux de réflexion	fr	fr
jeux de réflexion gratuits	fr	fr
calcul mental	fr	fr
calcul mental en ligne	fr	fr
calcul mental jeu	fr	fr
calcul mental exercices	fr	fr
lecture rapide	fr	fr
lecture rapide test	fr	fr
test de lecture rapide	fr	fr
test de vitesse de lecture	fr	fr
test de concentration	fr	fr
test de concentration gratuit	fr	fr
test de concentration en ligne	fr	fr
test de stroop	fr	fr
test de stroop en ligne	fr	fr
table de schulte	fr	fr
test de précision souris	fr	fr
test de mémoire visuelle	fr	fr
test de visée	fr	fr
jeu de réflexes	fr	fr
