test de frappe	fr	fr-FR
test de frappe clavier	fr	fr-FR
test de frappe en ligne	fr	fr-FR
test de frappe rapide	fr	fr-FR
test de vitesse de frappe	fr	fr-FR
test vitesse de frappe	fr	fr-FR
test de vitesse clavier	fr	fr-FR
vitesse de frappe	fr	fr-FR
mots par minute	fr	fr-FR
taper au clavier	fr	fr-FR
taper au clavier rapidement	fr	fr-FR
apprendre à taper au clavier	fr	fr-FR
dactylographie	fr	fr-FR
dactylographie test	fr	fr-FR
test dactylo	fr	fr-FR
test clavier	fr	fr-FR
test clavier en ligne	fr	fr-FR
test clavier azerty	fr	fr-FR
test clavier gamer	fr	fr-FR
test touches clavier	fr	fr-FR
test cps	fr	fr-FR
test clic par seconde	fr	fr-FR
click speed test	fr	fr-FR
cps test	fr	fr-FR
test de réflexes	fr	fr-FR
test temps de réaction	fr	fr-FR
temps de réaction test	fr	fr-FR
reaction time test	fr	fr-FR
test de réaction	fr	fr-FR
test de réflexes en ligne	fr	fr-FR
aim trainer	fr	fr-FR
aim trainer valorant	fr	fr-FR
aim trainer en ligne	fr	fr-FR
aim trainer gratuit	fr	fr-FR
entraînement visée valorant	fr	fr-FR
aim lab	fr	fr-FR
jeux de mémoire	fr	fr-FR
test de mémoire	fr	fr-FR
test de mémoire en ligne	fr	fr-FR
test de mémoire gratuit	fr	fr-FR
jeu de mémoire en ligne	fr	fr-FR
entraînement cérébral	fr	fr-FR
entraînement cérébral gratuit	fr	fr-FR
jeux de réflexion	fr	fr-FR
jeux de réflexion gratuits	fr	fr-FR
calcul mental	fr	fr-FR
calcul mental en ligne	fr	fr-FR
calcul mental jeu	fr	fr-FR
calcul mental exercices	fr	fr-FR
lecture rapide	fr	fr-FR
lecture rapide test	fr	fr-FR
test de lecture rapide	fr	fr-FR
test de vitesse de lecture	fr	fr-FR
test de concentration	fr	fr-FR
test de concentration gratuit	fr	fr-FR
test de concentration en ligne	fr	fr-FR
test de stroop	fr	fr-FR
test de stroop en ligne	fr	fr-FR
table de schulte	fr	fr-FR
test de précision souris	fr	fr-FR
test de mémoire visuelle	fr	fr-FR
test de frappe	ca	fr-CA
test clic par seconde	ca	fr-CA
test de réflexes	ca	fr-CA
jeux de mémoire	ca	fr-CA
calcul mental	ca	fr-CA
aim trainer	ca	fr-CA
test clavier	ca	fr-CA
