path,english_nodes,first_node
/de/drills/cognitive/focus/distraction-fighter,10,"What is the Stroop test and how does it measure distraction resistance?"
/ko/drills/cognitive/focus/distraction-fighter,10,"What is the Stroop test and how does it measure distraction resistance?"
/de/drills/cognitive/attention/concentration-stamina,1,"&#x27;Oops!&#x27;: Performance correlates of everyday cognitive slips on the Sustained Att"
/de/drills/visual/reaction-speed/go/no-go,1,"&#x27;Oops!&#x27;: Performance correlates of everyday cognitive slips on the Sustained Att"
/es/drills/cognitive/attention/concentration-stamina,1,"&#x27;Oops!&#x27;: Performance correlates of everyday cognitive slips on the Sustained Att"
/es/drills/fps/angle-hold-trainer,1,"Hold your crosshair against the corner and click the instant a peeking target appears."
/es/drills/visual/reaction-speed/go/no-go,1,"&#x27;Oops!&#x27;: Performance correlates of everyday cognitive slips on the Sustained Att"
/fr/drills/cognitive/attention/concentration-stamina,1,"&#x27;Oops!&#x27;: Performance correlates of everyday cognitive slips on the Sustained Att"
/fr/drills/fps/angle-hold-trainer,1,"Hold your crosshair against the corner and click the instant a peeking target appears."
/fr/drills/visual/reaction-speed/go/no-go,1,"&#x27;Oops!&#x27;: Performance correlates of everyday cognitive slips on the Sustained Att"
/ja/drills/cognitive/attention/concentration-stamina,1,"&#x27;Oops!&#x27;: Performance correlates of everyday cognitive slips on the Sustained Att"
/ja/drills/visual/reaction-speed/go/no-go,1,"&#x27;Oops!&#x27;: Performance correlates of everyday cognitive slips on the Sustained Att"
/ko/drills/cognitive/attention/concentration-stamina,1,"&#x27;Oops!&#x27;: Performance correlates of everyday cognitive slips on the Sustained Att"
/ko/drills/visual/reaction-speed/go/no-go,1,"&#x27;Oops!&#x27;: Performance correlates of everyday cognitive slips on the Sustained Att"
/pt/drills/cognitive/attention/concentration-stamina,1,"&#x27;Oops!&#x27;: Performance correlates of everyday cognitive slips on the Sustained Att"
/pt/drills/fps/angle-hold-trainer,1,"Hold your crosshair against the corner and click the instant a peeking target appears."
/pt/drills/visual/reaction-speed/go/no-go,1,"&#x27;Oops!&#x27;: Performance correlates of everyday cognitive slips on the Sustained Att"
