phrase,market,exact,broad,date,tool
reaction time test,us,8223,8350,2026-09-04,bing
reaction time test,gb,1229,1250,2026-09-04,bing
reflex test,us,127,190,2026-09-04,bing
reflex test,gb,17,29,2026-09-04,bing
reaction speed test,us,594,594,2026-09-04,bing
reaction speed test,gb,106,106,2026-09-04,bing
average reaction time,us,209,288,2026-09-04,bing
average reaction time,gb,45,56,2026-09-04,bing
corner checking trainer,us,0,0,2026-09-04,bing
corner checking trainer,gb,0,0,2026-09-04,bing
corner checking drill,us,0,0,2026-09-04,bing
corner checking drill,gb,0,0,2026-09-04,bing
slicing the pie,us,0,0,2026-09-04,bing
slicing the pie,gb,0,0,2026-09-04,bing
slicing the pie shooting,us,0,0,2026-09-04,bing
slicing the pie shooting,gb,0,0,2026-09-04,bing
saccadic eye movement training,us,0,0,2026-09-04,bing
saccadic eye movement training,gb,0,0,2026-09-04,bing
saccadic eye exercises,us,0,0,2026-09-04,bing
saccadic eye exercises,gb,0,0,2026-09-04,bing
clearing angles,us,0,0,2026-09-04,bing
clearing angles,gb,0,0,2026-09-04,bing
clearing angles fps,us,0,0,2026-09-04,bing
clearing angles fps,gb,0,0,2026-09-04,bing
how to clear corners valorant,us,0,0,2026-09-04,bing
how to clear corners valorant,gb,0,0,2026-09-04,bing
checking corners in fps,us,0,0,2026-09-04,bing
checking corners in fps,gb,0,0,2026-09-04,bing
sports vision training,us,0,0,2026-09-04,bing
sports vision training,gb,0,0,2026-09-04,bing
sports vision training drills,us,0,0,2026-09-04,bing
sports vision training drills,gb,0,0,2026-09-04,bing
prefire corner checking map,us,0,0,2026-09-04,bing
prefire corner checking map,gb,0,0,2026-09-04,bing
angle clearing drill online,us,0,0,2026-09-04,bing
angle clearing drill online,gb,0,0,2026-09-04,bing
jiggle peek trainer,us,0,0,2026-09-04,bing
jiggle peek trainer,gb,0,0,2026-09-04,bing
jiggle peek practice,us,0,0,2026-09-04,bing
jiggle peek practice,gb,0,0,2026-09-04,bing
cover peeking reflex drill,us,0,0,2026-09-04,bing
cover peeking reflex drill,gb,0,0,2026-09-04,bing
corner peeking trainer,us,0,0,2026-09-04,bing
corner peeking trainer,gb,0,0,2026-09-04,bing
peeker's advantage,us,0,0,2026-09-04,bing
peeker's advantage,gb,0,0,2026-09-04,bing
peeker's advantage trainer,us,0,0,2026-09-04,bing
peeker's advantage trainer,gb,0,0,2026-09-04,bing
peekers advantage,us,0,0,2026-09-04,bing
peekers advantage,gb,0,0,2026-09-04,bing
Valorant angle holding drill,us,0,0,2026-09-04,bing
Valorant angle holding drill,gb,0,0,2026-09-04,bing
how to peek in valorant,us,0,0,2026-09-04,bing
how to peek in valorant,gb,0,0,2026-09-04,bing
counter peeker's advantage cs2,us,0,0,2026-09-04,bing
counter peeker's advantage cs2,gb,0,0,2026-09-04,bing
how to hold angles in valorant,us,0,0,2026-09-04,bing
how to hold angles in valorant,gb,0,0,2026-09-04,bing
cover checking drill,us,0,0,2026-09-04,bing
cover checking drill,gb,0,0,2026-09-04,bing
angle holding practice,us,0,0,2026-09-04,bing
angle holding practice,gb,0,0,2026-09-04,bing
reaction simulator,us,0,0,2026-09-04,bing
reaction simulator,gb,0,0,2026-09-04,bing
reflex training game,us,0,0,2026-09-04,bing
reflex training game,gb,0,0,2026-09-04,bing
reflex game online,us,0,0,2026-09-04,bing
reflex game online,gb,0,0,2026-09-04,bing
reflex simulator,us,0,0,2026-09-04,bing
reflex simulator,gb,0,0,2026-09-04,bing
hand eye coordination games,us,0,0,2026-09-04,bing
hand eye coordination games,gb,0,0,2026-09-04,bing
hand eye coordination game,us,0,0,2026-09-04,bing
hand eye coordination game,gb,0,0,2026-09-04,bing
falling target reaction game,us,0,0,2026-09-04,bing
falling target reaction game,gb,0,0,2026-09-04,bing
speed reflex training,us,0,0,2026-09-04,bing
speed reflex training,gb,0,0,2026-09-04,bing
vertical tracking aim trainer,us,0,0,2026-09-04,bing
vertical tracking aim trainer,gb,0,0,2026-09-04,bing
reaction game,us,27,239,2026-09-04,bing
reaction game,gb,5,11,2026-09-04,bing
reaction games,us,23,23,2026-09-04,bing
reaction games,gb,5,5,2026-09-04,bing
reaction time games,us,21,21,2026-09-04,bing
reaction time games,gb,3,3,2026-09-04,bing
reflex game,us,25,25,2026-09-04,bing
reflex game,gb,2,2,2026-09-04,bing
fps tracking trainer,us,0,0,2026-09-04,bing
fps tracking trainer,gb,0,0,2026-09-04,bing
reflex training drill,us,0,0,2026-09-04,bing
reflex training drill,gb,0,0,2026-09-04,bing
visual tracking test,us,0,0,2026-09-04,bing
visual tracking test,gb,0,0,2026-09-04,bing
visual tracking speed test,us,0,0,2026-09-04,bing
visual tracking speed test,gb,0,0,2026-09-04,bing
saccadic gallery,us,0,0,2026-09-04,bing
saccadic gallery,gb,0,0,2026-09-04,bing
