test de mecanografía	es	es-ES
test de mecanografía	mx	es-MX
test de velocidad de escritura	es	es-ES
test de velocidad de escritura	mx	es-MX
test de teclado	es	es-ES
test de teclado	mx	es-MX
test de clics	es	es-ES
test de clics	mx	es-MX
test de reacción	es	es-ES
test de reacción	mx	es-MX
test de reflejos	es	es-ES
test de reflejos	mx	es-MX
juegos de memoria	es	es-ES
juegos de memoria	mx	es-MX
test de memoria	es	es-ES
test de memoria	mx	es-MX
entrenamiento cerebral	es	es-ES
entrenamiento cerebral	mx	es-MX
juegos mentales	es	es-ES
juegos mentales	mx	es-MX
cálculo mental	es	es-ES
cálculo mental	mx	es-MX
lectura rápida	es	es-ES
lectura rápida	mx	es-MX
test de concentración	es	es-ES
test de concentración	mx	es-MX
test de stroop	es	es-ES
test de stroop	mx	es-MX
aim trainer	es	es-ES
aim trainer	mx	es-MX
test de cps	es	es-ES
test de cps	mx	es-MX
mecanografía	mx	es-MX
test de velocidad de mecanografía	mx	es-MX
probar teclado	mx	es-MX
test de velocidad de clics	mx	es-MX
clics por segundo	mx	es-MX
tiempo de reacción	mx	es-MX
juegos para la memoria	mx	es-MX
ejercicios de memoria	mx	es-MX
juegos de agilidad mental	mx	es-MX
entrenar puntería	mx	es-MX
aim trainer valorant	mx	es-MX
aim trainer free fire	mx	es-MX
sensibilidad free fire	mx	es-MX
entrenamiento de puntería	mx	es-MX
test de agilidad mental	mx	es-MX
juegos de cálculo mental	mx	es-MX
ejercicios de cálculo mental	mx	es-MX
juegos de concentración	mx	es-MX
ejercicios de concentración	mx	es-MX
test de atención	mx	es-MX
test de tiempo de reacción	mx	es-MX
cuántas palabras por minuto escribo	mx	es-MX
palabras por minuto test	mx	es-MX
prueba de mecanografía	mx	es-MX
prueba de reflejos	mx	es-MX
juego de reflejos	mx	es-MX
tabla de schulte	mx	es-MX
juego de stroop	mx	es-MX
ejercicios de lectura rápida	mx	es-MX
test de velocidad de lectura	mx	es-MX
test de mecanografía	ar	es-AR
aim trainer	ar	es-AR
juegos de memoria	ar	es-AR
test de reacción	ar	es-AR
test de clics	ar	es-AR
test de velocidad de escritura	ar	es-AR
free fire sensibilidad	mx	es-MX
aim trainer free fire	es	es-ES
