test de mecanografía	es	es
test de velocidad de escritura	es	es
test de mecanografía	mx	es
test de teclado	es	es
test de clics	es	es
test de cps	mx	es
test de reacción	es	es
test de reflejos	es	es
test de reacción	mx	es
juegos de memoria	es	es
test de memoria	es	es
entrenamiento cerebral	es	es
juegos mentales	es	es
cálculo mental	es	es
lectura rápida	es	es
test de concentración	es	es
test de stroop	es	es
aim trainer	es	es
entrenador de puntería	es	es
aim trainer valorant	es	es
tabla de schulte	es	es
test de velocidad de lectura	es	es
palabras por minuto test	mx	es
juego de reflejos	mx	es
test de agilidad mental	mx	es
