타자 속도 테스트	kr	ko
타자 속도 측정	kr	ko
타자 속도 측정기	kr	ko
타자 속도 평균	kr	ko
타자 속도 늘리는 법	kr	ko
타자 속도 등급	kr	ko
타자 검정	kr	ko
타자 검정 사이트	kr	ko
영타 연습	kr	ko
영타 연습 사이트	kr	ko
영타 속도 테스트	kr	ko
타자 연습 사이트	kr	ko
한타 연습	kr	ko
긴글 타자연습	kr	ko
짧은글 타자연습	kr	ko
타자연습 게임	kr	ko
영어 타자 연습	kr	ko
타자 테스트	kr	ko
키보드 테스트	kr	ko
키보드 테스트 온라인	kr	ko
키보드 테스트기	kr	ko
키보드 키 테스트	kr	ko
마우스 테스트	kr	ko
마우스 클릭 테스트	kr	ko
마우스 더블클릭 테스트	kr	ko
클릭 속도 테스트	kr	ko
클릭 속도 측정	kr	ko
클릭 속도 측정기	kr	ko
cps 테스트	kr	ko
cps 측정	kr	ko
클릭 속도 늘리는 법	kr	ko
반응속도 테스트	kr	ko
반응속도 측정	kr	ko
순발력 테스트	kr	ko
순발력 테스트 게임	kr	ko
반응속도 훈련	kr	ko
반응속도 게임	kr	ko
반응속도 빨라지는법	kr	ko
청각 반응속도 테스트	kr	ko
에임 연습	kr	ko
에임 연습 사이트	kr	ko
에임 트레이너	kr	ko
에임 테스트	kr	ko
발로란트 에임 연습	kr	ko
오버워치 에임 연습	kr	ko
배그 에임 연습	kr	ko
에임 연습 웹	kr	ko
기억력 테스트	kr	ko
기억력 테스트 게임	kr	ko
순간 기억력 테스트	kr	ko
숫자 기억력 테스트	kr	ko
단기 기억력 테스트	kr	ko
집중력 테스트	kr	ko
집중력 테스트 게임	kr	ko
순간 집중력 테스트	kr	ko
스트룹 테스트	kr	ko
스트루프 테스트	kr	ko
암산 게임	kr	ko
암산 테스트	kr	ko
속독 테스트	kr	ko
독서 속도 측정	kr	ko
두뇌 게임	kr	ko
두뇌 테스트	kr	ko
동체시력 테스트	kr	ko
동체시력 훈련	kr	ko
동체시력 게임	kr	ko
시력 반응 테스트	kr	ko
두더지 잡기 게임	kr	ko
n-back 테스트	kr	ko
처리 속도 테스트	kr	ko
