reaktionstest	de	de
reaktionstest online	de	de
reaktionszeit test	de	de
reaktionszeit messen	de	de
reaktionstest mpu	de	de
reaktionstest führerschein	de	de
reaktionstest klicken	de	de
reaktionstest online kostenlos üben	de	de
reaction time test	de	de
human benchmark	de	de
klick test	de	de
cps test	de	de
click test	de	de
klicktest	de	de
clicks pro sekunde	de	de
maus klick test	de	de
tastatur testen	de	de
tastatur test	de	de
tastatur testen online	de	de
keyboard tester	de	de
tippgeschwindigkeit testen	de	de
tippgeschwindigkeit	de	de
schreibtest	de	de
10 finger system lernen	de	de
10 finger system test	de	de
zehnfingersystem üben	de	de
tippen lernen online	de	de
schreibgeschwindigkeit test	de	de
typing test deutsch	de	de
anschläge pro minute test	de	de
gedächtnistest online	de	de
gedächtnistest	de	de
gedächtnis training	de	de
merkfähigkeit test	de	de
gedächtnistraining online	de	de
gedächtnisspiel	de	de
zahlenspanne test	de	de
n back test	de	de
konzentrationstest online	de	de
konzentrationstest	de	de
konzentrationstest kostenlos	de	de
konzentrationstraining	de	de
kopfrechnen online	de	de
kopfrechnen üben erwachsene	de	de
kopfrechnen trainer	de	de
schnelllesen test	de	de
schnelllesen lernen	de	de
lesegeschwindigkeit test	de	de
stroop test online	de	de
stroop test	de	de
gehirnjogging	de	de
gehirntraining online	de	de
gehirntraining spiele	de	de
aim trainer	de	de
aim trainer browser	de	de
aim trainer valorant	de	de
aim training	de	de
aim trainer cs2	de	de
aimlab	de	de
maus genauigkeit test	de	de
mausgenauigkeit	de	de
schulte tabelle	de	de
dual n back	de	de
sehtest online	de	de
multitasking test	de	de
augentraining	de	de
visuelles gedächtnis test	de	de
farbsehtest online	de	de
mouse accuracy test	de	de
spacebar test	de	de
